code,land_cover,n,rg_mean,rg_median,rg_sd,pct_at_0,pct_at_1,rg_mean_interior,severity,persistence,mean_first_fire_year,mean_post_fire_months,pct_first_fire_in_2017,below_min_n
30,grassland,123241,0.6085678935050964,0.7596042156219482,0.4131578207015991,22.462492190099073,39.028407753913065,0.5668368935585022,0.6600361466407776,0.5842445492744446,2019.7752371369918,60.99994320072054,3.8647852581527253,False
61,fallow,5778,0.5949806571006775,0.7439050674438477,0.4169112741947174,24.593284873658703,36.31014191761855,0.5930935144424438,0.6177434921264648,0.5865268111228943,2020.1891658013153,54.77760470751125,4.413291796469367,False
20,shrubland,66474,0.507725179195404,0.5285019874572754,0.3892015516757965,22.374161326232812,21.634022324517858,0.5204063057899475,0.6393153667449951,0.6254526376724243,2020.2087733549959,59.02564912597406,4.4934861750458825,False
40,cropland,48360,0.47963157296180725,0.5170385837554932,0.3500199317932129,21.792803970223325,8.759305210918114,0.5645074248313904,0.3438529372215271,0.5745334625244141,2019.4922870140613,68.82084367245658,8.019023986765921,False
60,bare,5784,0.40863674879074097,0.3634851574897766,0.37489646673202515,30.238589211618255,16.130705394190873,0.46117180585861206,0.481273353099823,0.6542035341262817,2020.4507261410788,58.70418395573997,6.915629322268327,False
50,built-up,821,0.32539820671081543,0.08812324702739716,0.39314600825309753,45.18879415347138,16.56516443361754,0.4176812767982483,0.4525310695171356,0.5394001603126526,2021.504263093788,45.1741778319123,2.92326431181486,False
41,covered agriculture,108,0.2949921786785126,0.24992093443870544,0.27480897307395935,36.11111111111111,0.0,0.4617268443107605,0.1616201549768448,0.47801023721694946,2018.351851851852,85.26851851851852,47.22222222222222,True
10,forest,38283,0.24826696515083313,0.16020984947681427,0.2773789167404175,32.05077971945772,2.3796463182091268,0.342339426279068,0.5962908864021301,0.5948114991188049,2021.1592351696574,48.12728887495755,6.5250894652979134,False
11,orchards,4677,0.13359850645065308,0.0,0.24620047211647034,66.34594825742998,0.7483429548856104,0.3832620084285736,0.20349961519241333,0.30392056703567505,2019.492195852042,68.06499893093864,5.837075048107762,False
80,water,1480,0.035035062581300735,0.0,0.1289304792881012,86.89189189189189,0.7432432432432433,0.2232343703508377,0.5578517317771912,0.3425973653793335,2022.8979729729729,27.238513513513514,0.0,False
