land_cover,n,baseline_NBR_2017,recent_NBR_2025,abs_drop,published_gap,unclipped_median,gap_global_denominator,gap_class_denominator,pct_clipped_at_1,pct_at_or_below_0,below_min_n
grassland,123241,0.04546941054680166,0.0022355268267959245,0.04323388372000574,0.6085362296965442,0.7595265093361493,0.4395917893958093,0.5635755333226146,39.02516208080103,22.463303608377082,False
fallow,5778,0.04312345248974668,0.007159523473558464,0.035963929016188216,0.5949405669908936,0.7438134648164718,0.4146597410815122,0.5550363986952198,36.31014191761855,24.593284873658703,False
shrubland,66474,0.09975462890376675,0.04599742482729575,0.05375720407647102,0.5076970758778472,0.5283800091074027,0.48867301946546293,0.4707812217990607,21.631013629388935,22.378674368926195,False
cropland,48360,0.108430152574996,0.06100876938784944,0.04742138318714655,0.479601021897645,0.5169804603377965,0.49990450894777994,0.4780435469059049,8.759305210918114,21.792803970223325,False
bare,5784,0.04197463832567834,0.02247193430555978,0.01950270402011856,0.40858262492339315,0.3634410413272906,0.25990739980042865,0.39460744444797236,16.130705394190873,30.238589211618255,False
built-up,821,0.044618799849146754,0.03270757649134704,0.011911223357799719,0.3253776659916937,0.0879712873388601,0.24039242420428003,0.30488626184632794,16.56516443361754,45.18879415347138,False
covered agriculture,108,0.1722624236545353,0.12341338111214159,0.048849042542393736,0.2949851363539361,0.24989468501652276,0.5017475324165487,0.3728807958877599,0.0,36.11111111111111,True
forest,38283,0.2150857972329308,0.17579737593113803,0.03928842130179275,0.24825677836734558,0.16020988454594282,0.4257351459111871,0.2541040648887211,2.3796463182091268,32.05339184494423,False
orchards,4677,0.13841073421556824,0.21227413952977472,-0.0738634053142065,0.13359058631610726,-0.42947827470625005,0.19281796923667482,0.15759506863419254,0.7483429548856104,66.34594825742998,False
water,1480,0.028835584171670113,0.10053645618163418,-0.07170087200996407,0.03503506260117247,-0.7429723431088602,0.03492966958837522,0.03783501363314156,0.7432432432432433,86.89189189189189,False
