land_cover,n,sev_target,sev_pred,per_target,per_pred,rg_target,rg_pred,burned_prob_mean,abs_diff_sev,abs_diff_per,abs_diff_rg,reliable
forest,5638,0.5964088439941406,0.6020210385322571,0.5903099179267883,0.5988564491271973,0.24604283273220062,0.2541314959526062,0.6940597295761108,0.005612194538116455,0.008546531200408936,0.008088663220405579,True
orchards,665,0.20716305077075958,0.2056373953819275,0.29948890209198,0.30318936705589294,0.1308082491159439,0.13548476994037628,0.43020468950271606,0.0015256553888320923,0.003700464963912964,0.004676520824432373,True
shrubland,9927,0.6387162208557129,0.6465627551078796,0.6248582601547241,0.6282572150230408,0.5033519864082336,0.5111993551254272,0.6360377073287964,0.007846534252166748,0.0033989548683166504,0.007847368717193604,True
grassland,18602,0.6595316529273987,0.6676040887832642,0.585957944393158,0.592427134513855,0.6073368191719055,0.6171598434448242,0.6804578900337219,0.008072435855865479,0.0064691901206970215,0.009823024272918701,True
cropland,7295,0.34705546498298645,0.3533961772918701,0.5747717022895813,0.5820273756980896,0.47487741708755493,0.48825812339782715,0.5146716833114624,0.006340712308883667,0.007255673408508301,0.013380706310272217,True
covered agriculture,20,0.10080190002918243,0.1728118360042572,0.4655733108520508,0.47791337966918945,0.255166620016098,0.27375856041908264,0.2680127024650574,0.07200993597507477,0.012340068817138672,0.01859194040298462,False
built-up,114,0.45572957396507263,0.5006483793258667,0.5291825532913208,0.5488189458847046,0.3737936317920685,0.3656177222728729,0.5403344035148621,0.04491880536079407,0.01963639259338379,0.008175909519195557,False
bare,895,0.48004579544067383,0.5105214715003967,0.664142906665802,0.6712574362754822,0.41452035307884216,0.4291290044784546,0.5803095698356628,0.0304756760597229,0.007114529609680176,0.014608651399612427,True
fallow,906,0.6109814643859863,0.631379246711731,0.58560711145401,0.5913452506065369,0.5992361307144165,0.6053026914596558,0.681511402130127,0.02039778232574463,0.0057381391525268555,0.006066560745239258,True
water,241,0.5286084413528442,0.5681446194648743,0.3237176239490509,0.3330971598625183,0.03445607051253319,0.03195100277662277,0.7801132798194885,0.03953617811203003,0.009379535913467407,0.0025050677359104156,False
