indicator,land_cover,n,class_mean,pct_at_0,pct_at_1,pct_interior,mean_interior,contrib_ceiling,contrib_interior,share_of_mean_from_ceiling
recovery gap,grassland,123241,0.6085678935050964,22.462492190099073,39.028407753913065,38.50910005598786,0.5668368935585022,0.39028407753913064,0.218283786494697,64.13155897713527
recovery gap,fallow,5778,0.5949806571006775,24.593284873658703,36.31014191761855,39.09657320872274,0.5930935144424438,0.36310141917618555,0.23187924007017663,61.027432546390266
recovery gap,shrubland,66474,0.507725179195404,22.374161326232812,21.634022324517858,55.99181634924933,0.5204063057899475,0.21634022324517857,0.2913849430078203,42.60970936836628
recovery gap,cropland,48360,0.47963157296180725,21.792803970223325,8.759305210918114,69.44789081885855,0.5645074248313904,0.08759305210918114,0.39203850006125407,18.262570074000553
recovery gap,bare,5784,0.40863674879074097,30.238589211618255,16.130705394190873,53.63070539419087,0.46117180585861206,0.16130705394190872,0.2473296925611021,39.47443650607952
recovery gap,built-up,821,0.32539820671081543,45.18879415347138,16.56516443361754,38.24604141291108,0.4176812767982483,0.1656516443361754,0.15974655409823382,50.90736240086032
recovery gap,forest,38283,0.24826696515083313,32.05077971945772,2.3796463182091268,65.56957396233315,0.342339426279068,0.023796463182091266,0.22447050331628046,9.585030037175452
recovery gap,orchards,4677,0.13359850645065308,66.34594825742998,0.7483429548856104,32.90570878768441,0.3832620084285736,0.0074834295488561044,0.12611508038733693,5.601432042670506
recovery gap,water,1480,0.035035062581300735,86.89189189189189,0.7432432432432433,12.364864864864865,0.2232343703508377,0.007432432432432433,0.027602628225813042,21.214269034585215
severity,grassland,123241,0.6600361466407776,12.749003984063744,45.643089556235346,41.607906459700914,0.48934268951416016,0.45643089556235344,0.2036052485204364,69.15240898325594
severity,shrubland,66474,0.6393153667449951,12.325119595631374,43.78704455877486,43.88783584559376,0.4589995741844177,0.43787044558774857,0.20144497965003164,68.49052413945851
severity,fallow,5778,0.6177434921264648,15.282104534440982,41.48494288681205,43.23295257874697,0.4693041443824768,0.4148494288681205,0.2028940381909704,67.15561299400824
severity,forest,38283,0.5962908864021301,18.760285244103127,40.145756602147166,41.0939581537497,0.474116712808609,0.40145756602147165,0.19483332356150346,67.32579269218185
severity,water,1480,0.5578517317771912,5.0,26.41891891891892,68.58108108108108,0.42819756269454956,0.2641891891891892,0.29366251765876206,47.358316581278935
severity,bare,5784,0.481273353099823,26.521438450899034,29.529737206085755,43.94882434301521,0.423164963722229,0.29529737206085754,0.18597602658746648,61.35751546577079
severity,built-up,821,0.4525310695171356,29.84165651644336,26.30937880633374,43.8489646772229,0.4320222735404968,0.2630937880633374,0.18943729412250776,58.13828171932293
severity,cropland,48360,0.3438529372215271,33.99503722084367,18.232009925558312,47.772952853598014,0.33812618255615234,0.18232009925558312,0.16153286177822143,53.02269648437625
severity,orchards,4677,0.20349961519241333,60.487491982039764,12.743211460337822,26.769296557622408,0.2841595411300659,0.12743211460337822,0.07606751026188636,62.62032214797476
persistence,bare,5784,0.6542035341262817,0.7952973720608575,0.8298755186721992,98.37482710926693,0.6565752625465393,0.008298755186721992,0.6459047793723736,1.2685280274135715
persistence,shrubland,66474,0.6254526376724243,0.13990432349490026,2.151217017179649,97.70887865932545,0.618101954460144,0.02151217017179649,0.6039404886743812,3.4394563034944485
persistence,forest,38283,0.5948114991188049,0.35524906616513857,3.526369406786302,96.11838152704856,0.5821443796157837,0.03526369406786302,0.5595477558373688,5.928549485022583
persistence,fallow,5778,0.5865268111228943,0.034614053305642094,0.034614053305642094,99.93077189338871,0.5865867733955383,0.00034614053305642093,0.5861806904786844,0.059015295889669826
persistence,grassland,123241,0.5842445492744446,0.06004495257260165,0.17039783838170738,99.76955720904569,0.5838860273361206,0.001703978383817074,0.582540504078735,0.2916549903517615
persistence,cropland,48360,0.5745334625244141,0.028949545078577336,0.23159636062861869,99.7394540942928,0.5737122893333435,0.002315963606286187,0.5722175054529465,0.403103345122874
persistence,built-up,821,0.5394001603126526,1.3398294762484775,1.3398294762484775,97.32034104750305,0.5404850244522095,0.013398294762484775,0.5260018691075705,2.4839248758692842
persistence,water,1480,0.3425973653793335,0.13513513513513514,0.0,99.86486486486487,0.3430609703063965,0.0,0.342597374400577,0.0
persistence,orchards,4677,0.30392056703567505,7.825529185375241,0.10690613641223007,92.06756467821253,0.3289448618888855,0.0010690613641223007,0.30285152347520655,0.35175683388245693
