input,present,size_MB,sha256_head_tail
targets_aux.npz,True,9.7,50762e8cd1f3c60e
X_scaled_meta.csv,True,13.3,0abb0abbfdf89e81
y_burned.npy,True,263.1,2b3f70e54e1adf25
splits.json,True,4.8,0b511b9e05a9a623
predictions_test.npz,True,90.6,ce1b901b9fda4a1f
results_main.json,True,0.0,7273eed483db9f20
nbr_raw.npy,True,263.1,6d43c56edf523a5a
nbr_zscore_raw.npy,True,263.1,adef01c101b35998
ndvi_raw.npy,True,263.1,ad55df8ec66e30a0
severity_30m.tif,True,16.9,e5e66e61a567f18d
burned_prob_30m.tif,True,16.9,42129dea128b495b
model_recurrence_30m.tif,True,16.9,93e5602731deece9
recurrence_30m.tif,True,16.9,214ad0e7e3c90818
