land_cover,2017,2018,2019,2020,2021,2022,2023,2024,2025
bare,0.4972449,0.47540832,,0.39589503,0.38845712,,0.3636243,0.57849896,
built-up,,,,,0.3045238,,0.28195116,0.28383526,
covered agriculture,,,,,,,,,
cropland,0.43764597,0.5259057,0.32141125,0.4448744,0.4405887,0.33555338,0.48975107,0.49334767,0.63276225
fallow,0.74427295,0.6670256,0.7305401,0.6288868,0.6135307,,0.44871303,0.64761966,
forest,0.19566336,0.38030964,0.304972,0.33182308,0.20147127,0.202372,0.21394147,0.27556333,
grassland,0.35491207,0.61732775,0.64780426,0.60103625,0.55231065,0.71872383,0.6262442,0.7522786,
orchards,0.2857608,0.08783723,0.21690166,0.19328411,0.11590327,0.24123172,0.08711121,0.14792047,
shrubland,0.24647738,0.6047782,0.4272207,0.61435425,0.4913212,0.3038259,0.43358636,0.626297,0.7299856
water,,,,,,,0.035858847,,
