land_cover,n_lc_dominant,n_thesis_table_11,sev_target,sev_pred,per_target,per_pred,rg_target,rg_pred,n_difference
forest,5638,5561,0.5964088439941406,0.6020210385322571,0.5903099179267883,0.5988564491271973,0.24604283273220062,0.2541314959526062,77
orchards,665,554,0.20716305077075958,0.2056373953819275,0.29948890209198,0.30318936705589294,0.1308082491159439,0.13548476994037628,111
shrubland,9927,9652,0.6387162208557129,0.6465627551078796,0.6248582601547241,0.6282572150230408,0.5033519864082336,0.5111993551254272,275
grassland,18602,18325,0.6595316529273987,0.6676040887832642,0.585957944393158,0.592427134513855,0.6073368191719055,0.6171598434448242,277
cropland,7295,7308,0.34705546498298645,0.3533961772918701,0.5747717022895813,0.5820273756980896,0.47487741708755493,0.48825812339782715,-13
covered agriculture,20,45,0.10080190002918243,0.1728118360042572,0.4655733108520508,0.47791337966918945,0.255166620016098,0.27375856041908264,-25
built-up,114,114,0.45572957396507263,0.5006483793258667,0.5291825532913208,0.5488189458847046,0.3737936317920685,0.3656177222728729,0
bare,895,895,0.48004579544067383,0.5105214715003967,0.664142906665802,0.6712574362754822,0.41452035307884216,0.4291290044784546,0
fallow,906,1608,0.6109814643859863,0.631379246711731,0.58560711145401,0.5913452506065369,0.5992361307144165,0.6053026914596558,-702
water,241,241,0.5286084413528442,0.5681446194648743,0.3237176239490509,0.3330971598625183,0.03445607051253319,0.03195100277662277,0
