land_cover,n,severity_mean,mean_abs_NBR_drop_at_fire,pct_z_at_or_beyond_5sd,pct_severity_at_1
grassland,123241,0.6600361466407776,0.14486894609016487,44.08416571325019,45.643089556235346
shrubland,66474,0.6393153667449951,0.14695762502531584,43.17565263611838,43.78704455877486
fallow,5778,0.6177434921264648,0.1539181980384448,40.38421599169263,41.48494288681205
forest,38283,0.5962908864021301,0.18142201059731594,39.95485376450818,40.145756602147166
water,1480,0.5578517317771912,0.145921559687987,26.31756756756757,26.41891891891892
bare,5784,0.481273353099823,0.055562274402481175,29.36260949746427,29.529737206085755
built-up,821,0.4525310695171356,0.08913372288962564,26.532683719041817,26.30937880633374
cropland,48360,0.3438529372215271,0.15270958751785443,18.099496829335536,18.232009925558312
orchards,4677,0.20349961519241333,0.10185881844895574,12.81163138764165,12.743211460337822
