lc_dominant,land_cover,n,pct_of_sample,n_burned,pct_of_class_burned
40,cropland,193957,31.852519698746306,48360,24.93336151827467
30,grassland,165184,27.127283954266723,123241,74.60831557535839
20,shrubland,83576,13.725239028972513,66474,79.53718770939025
60,bare,66433,10.909935919543061,5784,8.706516339770896
10,forest,49233,8.085272005281464,38283,77.758820303455
11,orchards,25727,4.225007472221401,4677,18.179344657363856
61,fallow,11908,1.9555870866876217,5778,48.5220020154518
41,covered agriculture,6222,1.021805748519515,108,1.7357762777242043
50,built-up,4424,0.7265298346914711,821,18.557866184448464
80,water,2258,0.3708192510699236,1480,65.54472984942427
