profile,land_cover,share_of_burned_area_pct,share_of_global_top_decile_pct,median_RIS,global_vs_withinclass_top_decile_jaccard
Ecological priority,bare,1.8103295500951588,0.22409118574669395,0.46888274,0.5707317073170731
Ecological priority,built-up,0.192243976483823,0.0,0.26346624,0.5707317073170731
Ecological priority,cropland,16.477504757942103,2.1191833121230563,0.41997373,0.5707317073170731
Ecological priority,fallow,1.7005308861715325,2.202180047584795,0.62768877,0.5707317073170731
Ecological priority,forest,12.97165268178421,0.9267968793227467,0.3940658,0.5707317073170731
Ecological priority,grassland,43.65325196674449,73.678968627234,0.59398913,0.5707317073170731
Ecological priority,orchards,1.374216962159913,0.0,0.15726855,0.5707317073170731
Ecological priority,shrubland,21.82026921861877,20.848779947988714,0.55214876,0.5707317073170731
Fire-focused,bare,1.8103295500951588,0.22800202668468164,0.42498627,0.6019900497512438
Fire-focused,built-up,0.192243976483823,0.0,0.30924067,0.6019900497512438
Fire-focused,cropland,16.477504757942103,4.216630073748804,0.40202877,0.6019900497512438
Fire-focused,fallow,1.7005308861715325,2.2406125091482294,0.5643607,0.6019900497512438
Fire-focused,forest,12.97165268178421,2.2575015481619096,0.47512138,0.6019900497512438
Fire-focused,grassland,43.65325196674449,64.88487305072341,0.5739026,0.6019900497512438
Fire-focused,orchards,1.374216962159913,0.0,0.18431044,0.6019900497512438
Fire-focused,shrubland,21.82026921861877,26.172380791532962,0.557765,0.6019900497512438
Balanced,bare,1.8103295500951588,0.22789938664115694,0.37187004,0.5406698564593302
Balanced,built-up,0.192243976483823,0.0,0.243348,0.5406698564593302
Balanced,cropland,16.477504757942103,1.1845140959990996,0.34877524,0.5406698564593302
Balanced,fallow,1.7005308861715325,2.9514377356367114,0.51738906,0.5406698564593302
Balanced,forest,12.97165268178421,1.9272972820887964,0.40100133,0.5406698564593302
Balanced,grassland,43.65325196674449,67.83805075685105,0.51236796,0.5406698564593302
Balanced,orchards,1.374216962159913,0.0,0.14489195,0.5406698564593302
Balanced,shrubland,21.82026921861877,25.870800742783185,0.48780516,0.5406698564593302
