lc,burned_px,detected,detection_rate_pct,share_of_burned_pct,share_of_detected_pct
grassland,123241,87993,71.39912853676942,41.77576049300692,55.3122878479294
shrubland,66474,37502,56.41604236242742,22.533101021674135,23.573709486812
cropland,48360,8130,16.811414392059554,16.39288692433374,5.110507656332503
forest,38283,20232,52.84852284303738,12.977024196118045,12.717809459153655
bare,5784,1546,26.728907330567083,1.9606380887168398,0.9718136330492068
fallow,5778,3234,55.97092419522326,1.9586042317783368,2.0328882854341104
orchards,4677,230,4.917682274962583,1.5853914835630463,0.14457770737472028
water,1480,121,8.175675675675675,0.5016847114973932,0.0760604460536572
built-up,821,81,9.866017052375152,0.27829942441848643,0.05091649694501019
covered agri,108,15,13.88888888888889,0.03660942489305302,0.009428980915742626
