section,kind,stem,files,sources,caption
2,table,nb14_t00_input_audit,"outputs/tables/nb14_t00_input_audit.csv, .md",file metadata and pixel values of each listed input,"Input audit for Notebook 14: presence, grid, value range and head+tail SHA-256 of every input."
2,table,nb14_t00b_input_checks,"outputs/tables/nb14_t00b_input_checks.csv, .md","burned_prob_30m.tif, model_recurrence_30m.tif; data/raw/landcover_2018_30m.tif; data/thesis_maps/fig_ris_balanced.tif vs severity/persistence/recovery_gap/model_recurrence/recurrence _30m.tif; outputs/inference_full_roi/*_30m.tif",Checks on the inputs and on the RIS definition used throughout Notebook 14.
3,table,nb14_t02_reference_vs_detected_masks,"outputs/tables/nb14_t02_reference_vs_detected_masks.csv, .md",0.25 x (severity + persistence + recovery_gap + model_recurrence) _30m.tif; data/thesis_maps/fig_gt_fires.shp (fire_year 2017-2025) rasterised on the grid of severity_30m.tif; finite pixels of severity/persistence/recovery_gap/model_recurrence/burned_prob _30m.tif; outputs/inference_full_roi/burned_prob_30m.tif > 0.502; outputs/inference_full_roi/recurrence_30m.tif,"Reference-burned versus model-detected pixels at 30 m: counts, areas, overlap and Balanced RIS in each part. The reference inventory is incomplete, so 'detected, outside reference polygons' is not the same as false detection."
3,table,nb14_t03_burned_zone_inventory,"outputs/tables/nb14_t03_burned_zone_inventory.csv, .md",8-connected components of the documented-burned mask (fig_gt_fires.shp on the 30 m grid); RIS computed from the four indicator rasters; burned_prob_30m.tif > 0.502; outputs/inference_full_roi/<indicator>_30m.tif averaged over zone pixels,"Burned zones = 8-connected components of the documented-burned mask, with per-zone means of every indicator and RIS profile. Zones below 4 pixels (0.36 ha) are flagged and not averaged in §5."
4,table,nb14_t01a_landcover_codes,"outputs/tables/nb14_t01a_landcover_codes.csv, .md","data/raw/landcover_2018_30m.tif, masks from §3","Land-cover codes found in the 2018 30 m layer over eligible pixels, with their documented-burned and model-detected pixel counts."
4,table,nb14_t01_ris_by_landcover,"outputs/tables/nb14_t01_ris_by_landcover.csv, .md","data/raw/landcover_2018_30m.tif (landcover_smoothed_yearly 2018, b1, 30 m mode); diagnostics/nb13_landcover_timing/tables/nb13_t04a_recovery_gap_distribution_by_class.csv (10 m burned sample; reused, not recomputed); documented-burned: fig_gt_fires.shp (2017-2025) on the 30 m grid; model-detected: burned_prob_30m.tif > 0.502; outputs/inference_full_roi/<indicator>_30m.tif; weighted sum of severity_30m.tif, persistence_30m.tif, recovery_gap_30m.tif, model_recurrence_30m.tif","Restoration Indicator Score per 2018 land-cover class under three weight profiles, over documented-burned and over model-detected 30 m pixels (mean and median), with indicator means and Notebook 13 normalisation context. Cross-class differences largely reflect the NBR baseline normalization, not ecological recovery."
4,figure,nb14_f01_ris_by_landcover_grouped_bars,"outputs/figures/nb14_f01_ris_by_landcover_grouped_bars.png, .md","data/raw/landcover_2018_30m.tif (landcover_smoothed_yearly 2018, b1, 30 m mode); diagnostics/nb13_landcover_timing/tables/nb13_t04a_recovery_gap_distribution_by_class.csv (10 m burned sample; reused, not recomputed); documented-burned: fig_gt_fires.shp (2017-2025) on the 30 m grid; model-detected: burned_prob_30m.tif > 0.502; outputs/inference_full_roi/<indicator>_30m.tif; weighted sum of severity_30m.tif, persistence_30m.tif, recovery_gap_30m.tif, model_recurrence_30m.tif","Mean (bars) and median (diamonds) RIS per 2018 land-cover class for the three weight profiles, over documented-burned and model-detected pixels. Cross-class differences largely reflect the NBR baseline normalization, not ecological recovery."
5,table,nb14_t04_regional_hierarchy_zone_vs_pixel,"outputs/tables/nb14_t04_regional_hierarchy_zone_vs_pixel.csv, .md","8-connected components of the documented-burned mask (fig_gt_fires.shp 2017-2025 on the 30 m grid); data/raw/landcover_2018_30m.tif; nb14_t01_ris_by_landcover (documented-burned rows), from the indicator rasters; weighted sum of severity/persistence/recovery_gap/model_recurrence _30m.tif; zone x class and whole-zone means of <indicator>_30m.tif and RIS","Two-level (area) average versus flat pixel average per 2018 land-cover class, documented-burned pixels: zone x class means (units >= 4 px) averaged per class, the dominant-class alternative, and the flat pixel mean from deliverable 1. Cross-class differences largely reflect the NBR baseline normalization, not ecological recovery."
5,figure,nb14_f02_regional_hierarchy_zone_vs_pixel,"outputs/figures/nb14_f02_regional_hierarchy_zone_vs_pixel.png, .md","8-connected components of the documented-burned mask (fig_gt_fires.shp 2017-2025 on the 30 m grid); data/raw/landcover_2018_30m.tif; nb14_t01_ris_by_landcover (documented-burned rows), from the indicator rasters; weighted sum of severity/persistence/recovery_gap/model_recurrence _30m.tif; zone x class and whole-zone means of <indicator>_30m.tif and RIS","Flat pixel mean versus two-level zone means per 2018 land-cover class for Balanced RIS and the recovery gap. Cross-class differences largely reflect the NBR baseline normalization, not ecological recovery."
6,figure,nb14_f03_ris_balanced_reference_vs_detected_maps,"outputs/figures/nb14_f03_ris_balanced_reference_vs_detected_maps.png, .md","0.25 x (severity + persistence + recovery_gap + model_recurrence) _30m.tif; data/thesis_maps/fig_gt_fires.shp, fire_year 2017-2025, on the 30 m grid; data/thesis_maps/fig_roi_polygon.shp; outputs/inference_full_roi/burned_prob_30m.tif > 0.502","Balanced RIS at 30 m over (a) pixels inside the 2017-2025 fire-reference polygons and (b) pixels the model detects as burned (burned_prob > 0.502). Same RIS surface, colormap and 0-1 scale; gray = eligible area. The reference inventory is incomplete."
7,figure,nb14_f04_RIS_balanced_by_class_small_multiples,"outputs/figures/nb14_f04_RIS_balanced_by_class_small_multiples.png, .md",RIS from the four indicator rasters; data/raw/landcover_2018_30m.tif; fig_gt_fires.shp (2017-2025) on the 30 m grid; burned_prob_30m.tif > 0.502; nb14_t01_ris_by_landcover,"RIS, Balanced profile shown only inside each major 2018 land-cover class, over documented-burned (top) and model-detected (bottom) pixels, shared 0-1 scale, drawn as 90 m block means of the 30 m class pixels (display only). Panel n and mean are 30 m statistics from nb14_t01_ris_by_landcover. Cross-class differences largely reflect the NBR baseline normalization, not ecological recovery."
7,figure,nb14_f04_recovery_gap_by_class_small_multiples,"outputs/figures/nb14_f04_recovery_gap_by_class_small_multiples.png, .md",data/raw/landcover_2018_30m.tif; fig_gt_fires.shp (2017-2025) on the 30 m grid; burned_prob_30m.tif > 0.502; nb14_t01_ris_by_landcover; outputs/inference_full_roi/recovery_gap_30m.tif,"Recovery gap (model) shown only inside each major 2018 land-cover class, over documented-burned (top) and model-detected (bottom) pixels, shared 0-1 scale, drawn as 90 m block means of the 30 m class pixels (display only). Panel n and mean are 30 m statistics from nb14_t01_ris_by_landcover. Cross-class differences largely reflect the NBR baseline normalization, not ecological recovery."
7,figure,nb14_f04_severity_by_class_small_multiples,"outputs/figures/nb14_f04_severity_by_class_small_multiples.png, .md",data/raw/landcover_2018_30m.tif; fig_gt_fires.shp (2017-2025) on the 30 m grid; burned_prob_30m.tif > 0.502; nb14_t01_ris_by_landcover; outputs/inference_full_roi/severity_30m.tif,"Severity (model) shown only inside each major 2018 land-cover class, over documented-burned (top) and model-detected (bottom) pixels, shared 0-1 scale, drawn as 90 m block means of the 30 m class pixels (display only). Panel n and mean are 30 m statistics from nb14_t01_ris_by_landcover. Cross-class differences largely reflect the NBR baseline normalization, not ecological recovery."
7,figure,nb14_f04_persistence_by_class_small_multiples,"outputs/figures/nb14_f04_persistence_by_class_small_multiples.png, .md",data/raw/landcover_2018_30m.tif; fig_gt_fires.shp (2017-2025) on the 30 m grid; burned_prob_30m.tif > 0.502; nb14_t01_ris_by_landcover; outputs/inference_full_roi/persistence_30m.tif,"Persistence (model) shown only inside each major 2018 land-cover class, over documented-burned (top) and model-detected (bottom) pixels, shared 0-1 scale, drawn as 90 m block means of the 30 m class pixels (display only). Panel n and mean are 30 m statistics from nb14_t01_ris_by_landcover. Cross-class differences largely reflect the NBR baseline normalization, not ecological recovery."
8,table,nb14_t99_result_registry,"outputs/tables/nb14_t99_result_registry.csv, .md",REGISTRY,This registry.
