population,land_cover,n_px,area_ha,pct_of_population,small_n,RIS_ecological_mean,RIS_ecological_median,RIS_fire_mean,RIS_fire_median,RIS_balanced_mean,RIS_balanced_median,severity_mean,persistence_mean,recovery_gap_mean,model_recurrence_mean,nb13_rg_target_mean_10m,nb13_rg_target_pct_at_1_10m,nb13_mean_NBR_2017_10m
documented-burned,grassland,14120,1270.8,42.58527611062521,False,0.6006963521186273,0.675330026447773,0.5912304593014666,0.6181973457336425,0.5321462995227245,0.5588117782026529,0.6489624560523957,0.601759683569793,0.6569140458682963,0.22094901260041314,0.6085678587068374,39.028407753913065,0.0454694105468016
documented-burned,fallow,935,84.14999999999999,2.819917362849474,False,0.5685849438599809,0.6144816890358924,0.5394197856431643,0.5403744205832481,0.49647710174100934,0.5104049481451511,0.5535145808574071,0.5501761709464426,0.6490625699579807,0.2331550852022069,0.5949806533969456,36.31014191761855,0.0431234524897466
documented-burned,shrubland,7061,635.49,21.295654009711374,False,0.532611841165901,0.5665150299668311,0.5582236868355851,0.5805394351482391,0.48682619433158025,0.5056194178760052,0.6070907592607644,0.6330108773820614,0.5346779994224657,0.17252514126102947,0.5077251777758863,21.634022324517854,0.0997546289037667
documented-burned,bare,460,41.4,1.3873390234339658,False,0.47619895228481496,0.5267403528094292,0.4807870433656828,0.48739943467080593,0.41162777674239215,0.43188892118632793,0.37984661824960747,0.679037702958221,0.514148523667688,0.07347826209405194,0.4086367386622356,16.130705394190873,0.0419746383256783
documented-burned,forest,4218,379.62,12.721295654009712,False,0.37697437031701103,0.3788219317793846,0.46181459081511117,0.4948716953396797,0.3865909191783608,0.40938623808324337,0.549106078586323,0.5690882435574556,0.2762964260782222,0.15187292849144252,0.2482669760086146,2.3796463182091268,0.2150857972329308
documented-burned,cropland,5751,517.59,17.34475374732334,False,0.4159398436572697,0.422693532705307,0.41097015532927356,0.39357920624315734,0.34989512787215604,0.3417627438902855,0.32031344168841674,0.5775383629929582,0.4654915301006744,0.03623717670657493,0.4796315726380217,8.759305210918114,0.108430152574996
documented-burned,built-up,69,6.21,0.20810085351509486,True,0.38871895189043154,0.3817659214138985,0.4046988309806877,0.4068250507116318,0.3376410884607733,0.33695849077776074,0.3346022954345613,0.581961111098096,0.4050154396321412,0.02898550767829453,0.3253982022822121,16.56516443361754,0.0446187998491467
documented-burned,water,55,4.95,0.16587749193232199,True,0.24115680256274408,0.2300736593082547,0.37248514509306085,0.37945543453097336,0.2811969198113399,0.2826789505779743,0.5699972736564549,0.44261103082786907,0.06854301047443931,0.043636364286596126,0.0350350621921746,0.7432432432432433,0.0288355841716701
documented-burned,covered agriculture,32,2.88,0.0965105407606237,True,0.25998538691969775,0.21059868130614634,0.3422621721013457,0.3239816336426884,0.2634054808828523,0.24141957965912297,0.4411387068685144,0.439946542493999,0.16628667407576359,0.0062500000931322575,0.2949921348028713,0.0,0.1722624236545353
documented-burned,orchards,456,41.04,1.3752752058388877,False,0.17927113380870938,0.07662925822660327,0.20051281414891586,0.11531936754472552,0.16316722926953126,0.0870994261931628,0.15826217294262165,0.3161594355723968,0.16640520312348758,0.011842105439619013,0.1335985004122243,0.7483429548856104,0.1384107342155682
documented-burned,all classes,33157,2984.13,100.0,False,0.515896597371211,0.5411727517843247,0.5271143806750028,0.5394486531615257,0.4635348207009432,0.47168392315506935,0.5561798940990286,0.5952858175539371,0.5383402448138429,0.1643333263369641,,,
model-detected,grassland,35061,3155.49,46.44333174376093,False,0.5794171863881468,0.6453018322587013,0.5825667113417218,0.5956082329154013,0.5287404571126562,0.5465543419122696,0.6454119044594184,0.5949893293667515,0.6097022004011684,0.2648583942232862,0.6085678587068374,39.028407753913065,0.0454694105468016
model-detected,fallow,3967,357.03,5.254861442272029,False,0.554420222126778,0.6344422116875648,0.5470935928690357,0.5733441218733787,0.5026738368301488,0.5354176871478558,0.5978278890539703,0.5474449388940147,0.5970585114997997,0.26836400787281034,0.5949806533969456,36.31014191761855,0.0431234524897466
model-detected,shrubland,16252,1462.6799999999998,21.528108938695492,False,0.5309692280087154,0.5548218309879303,0.5634651489822236,0.5809802688658237,0.5022066196494692,0.5174893401563168,0.6152296042053862,0.6294853117288538,0.5140377213887594,0.2500738412748776,0.5077251777758863,21.634022324517854,0.0997546289037667
model-detected,bare,1508,135.72,1.9975626556456314,False,0.5299763932516283,0.5730796232819557,0.5744555535669282,0.613966117054224,0.509505296690021,0.5397724695503712,0.5511737154387258,0.733759023436896,0.4942025017201441,0.2588859461643177,0.4086367386622356,16.130705394190873,0.0419746383256783
model-detected,forest,6784,610.56,8.986382663063637,False,0.4367593863032626,0.4301599942147732,0.5269046720251427,0.5431156888604163,0.4552123576729979,0.46247259713709354,0.645823553340995,0.6037369717586838,0.3242959768102389,0.24699292878207382,0.2482669760086146,2.3796463182091268,0.2150857972329308
model-detected,cropland,10449,940.41,13.841201716738198,False,0.48499941178318345,0.5129487290978432,0.490364907332693,0.4882559306919575,0.44287610477557665,0.4495034832507372,0.4507284931739043,0.5992813866226476,0.5071199547332439,0.21437458457251077,0.4796315726380217,8.759305210918114,0.108430152574996
model-detected,built-up,203,18.27,0.26890266518306577,False,0.4806313946550747,0.520433385670185,0.480623186772114,0.48243360966444016,0.43878104459211414,0.453741705045104,0.41141157749159435,0.6056151990893439,0.508540747900338,0.22955665388718027,0.3253982022822121,16.56516443361754,0.0446187998491467
model-detected,water,24,2.16,0.03179144810046097,True,0.3745626998714215,0.3025893110781908,0.4879623807453754,0.459771875385195,0.40846873976397546,0.3683841797756031,0.6684348645309607,0.5394810636838278,0.22595902786088118,0.20000000298023224,0.0350350621921746,0.7432432432432433,0.0288355841716701
model-detected,covered agriculture,637,57.33,0.8437980183330684,False,0.3343366642219548,0.29060152880847456,0.4028041012328482,0.38630006536841394,0.3574676790627832,0.3360143583267927,0.38166945032319244,0.5604622450480281,0.2428410576492986,0.24489796323061364,0.2949921348028713,0.0,0.1722624236545353
model-detected,orchards,601,54.089999999999996,0.7961108461823769,False,0.4353161953204434,0.4652921512722969,0.4641883628112801,0.49022434428334233,0.413856279646733,0.43896911665797234,0.4607871211507356,0.5667792347921508,0.4175426196686541,0.21031614297539145,0.1335985004122243,0.7483429548856104,0.1384107342155682
model-detected,unclassified / other code,6,0.54,0.007947862025115243,True,0.4030993367234866,0.32156355381011964,0.4337307835618655,0.4052989616990089,0.38626691823204357,0.34769173339009285,0.29136577745278675,0.6734158843755722,0.38028600811958313,0.20000000298023224,,,
model-detected,all classes,75492,6794.28,100.0,False,0.5372377944760486,0.5686324745416641,0.5558892855445395,0.5671204015612601,0.5001307852445821,0.5121755972504616,0.6032764293025414,0.6035706878181375,0.5412519216653698,0.2524241021922793,,,
