population,step,n_items,item,n_px,area_ha,pct_of_mask_area
documented,0. burned mask (no minimum-area rule),1128,connected components,33157,2984.13,100.0
documented,"1a. components smaller than the floor, REMOVED",498,connected components,809,72.81,2.439907108604518
documented,1b. components kept,630,connected components,32348,2911.3199999999997,97.56009289139548
documented,2a. zone x class candidate units,1650,zone x land-cover units,32348,2911.3199999999997,97.56009289139548
documented,"2b. candidate units below the floor, REMOVED",586,zone x land-cover units,1018,91.61999999999999,3.0702415779473413
documented,3. FINAL units analysed,1064,zone x land-cover units,31330,2819.7,94.48985131344814
model,0. burned mask (no minimum-area rule),10787,connected components,75492,6794.28,100.0
model,"1a. components smaller than the floor, REMOVED",8787,connected components,12118,1090.62,16.052032003391087
model,1b. components kept,2000,connected components,63374,5703.66,83.94796799660891
model,2a. zone x class candidate units,4136,zone x land-cover units,63374,5703.66,83.94796799660891
model,"2b. candidate units below the floor, REMOVED",1927,zone x land-cover units,3402,306.18,4.506437768240343
model,3. FINAL units analysed,2209,zone x land-cover units,59972,5397.48,79.44153022836856
