population,land_cover,n_px,n_units,pixel_mean,unit_mean_unweighted,unit_mean_area_weighted,unit_median,unit_minus_pixel,recovery_gap_pixel_mean,recovery_gap_unit_mean
documented,forest,4218,151,0.3865909191783608,0.38032454962980333,0.38820915360645547,0.38171399366300257,-0.006266369548557471,0.2762964260782222,0.3638988288683864
documented,orchards,456,35,0.16316722926953126,0.17948447224653635,0.15340437672270696,0.12440743980139655,0.016317242977005098,0.16640520312348758,0.18233083112019607
documented,shrubland,7061,250,0.48682619433158025,0.45186819180706733,0.4900677977489279,0.4721175036393106,-0.03495800252451292,0.5346779994224657,0.509766818878866
documented,grassland,14120,290,0.5321462995227245,0.4747385106765025,0.5353661045257705,0.4857442593201995,-0.057407788846221997,0.6569140458682963,0.6128135699090927
documented,cropland,5751,262,0.34989512787215604,0.3223684770247393,0.35189473704294094,0.32041259643156084,-0.027526650847416734,0.4654915301006744,0.41557841912486665
documented,bare,460,18,0.41162777674239215,0.3352745458200089,0.4320636361004968,0.3337938002672779,-0.07635323092238328,0.514148523667688,0.4666311012426097
documented,fallow,935,45,0.49647710174100934,0.4576080186531712,0.5013766090625589,0.44691681885160506,-0.03886908308783815,0.6490625699579807,0.610749917914482
model,forest,6784,288,0.4552123576729979,0.4583274707756035,0.4681441286449177,0.46557672406058936,0.0031151131026055934,0.3242959768102389,0.37611213737685967
model,orchards,601,22,0.413856279646733,0.49575360075520825,0.5057406977423892,0.5008357258682901,0.08189732110847525,0.4175426196686541,0.542102558863364
model,shrubland,16252,573,0.5022066196494692,0.47969445347848405,0.5221319573278322,0.4990793594883548,-0.02251216617098517,0.5140377213887594,0.5070413856072178
model,grassland,35061,727,0.5287404571126562,0.4801643652714928,0.5407553741977691,0.49472778875912937,-0.04857609184116335,0.6097022004011684,0.5614729454198055
model,cropland,10449,382,0.44287610477557665,0.4436374788004933,0.45874276648706264,0.45022750551549673,0.0007613740249166612,0.5071199547332439,0.5038344907218413
model,covered agriculture,637,12,0.3574676790627832,0.3465023200989346,0.37628481014066245,0.40194918451597916,-0.010965358963848593,0.2428410576492986,0.21203705358343827
model,built-up,203,4,0.43878104459211414,0.5026459843876687,0.504274011197567,0.5275606940138258,0.06386493979555458,0.508540747900338,0.6820991765911458
model,bare,1508,48,0.509505296690021,0.5090362251408866,0.5653272313309835,0.5379144615876612,-0.0004690715491343367,0.4942025017201441,0.5056426645333084
model,fallow,3967,152,0.5026738368301488,0.4657448250713294,0.5246170011351327,0.4787691559176892,-0.03692901175881935,0.5970585114997997,0.476517005033425
