population,land_cover,n_units,median_RIS,min_RIS,max_RIS,iqr_RIS,n_in_global_top_decile,pct_of_class_in_global_top_decile,pct_of_class_top_decile_also_global
documented,forest,61,0.37855891409950954,0.10902673061063979,0.6575342651743156,0.18719838058110327,2,3.278688524590164,33.33333333333333
documented,orchards,11,0.0925907225956997,0.029152219079050055,0.32916963446041336,0.12173108715385658,0,0.0,0.0
documented,shrubland,118,0.5004281227482439,0.1449341896760206,0.7331551721554648,0.14909711759838218,19,16.101694915254235,100.0
documented,grassland,154,0.5023934680714526,0.18024086234897066,0.7163257648611631,0.18992855913334455,23,14.935064935064934,100.0
documented,cropland,117,0.33084021837107447,0.11814509827430204,0.6462647656894469,0.1423247719897155,1,0.8547008547008548,9.090909090909092
documented,bare,5,0.3651350025562958,0.324807955944219,0.49553962797328593,0.12440209513737693,0,0.0,0.0
documented,fallow,19,0.4811785386875272,0.3052975587242355,0.7027156921967324,0.21922215119676114,4,21.052631578947366,100.0
model,forest,80,0.4807818104273671,0.19455981864955213,0.7469847101186003,0.15731116154638752,6,7.5,75.0
model,orchards,3,0.571601924719289,0.44024290185835624,0.694208387089403,0.12698274261552334,1,33.33333333333333,100.0
model,shrubland,181,0.5365815299269541,0.16219168722342986,0.7527488455036071,0.15278605977769094,22,12.154696132596685,100.0
model,grassland,260,0.5035510153233476,0.1398548143778708,0.7354931659423388,0.17182168239853662,25,9.615384615384617,96.15384615384616
model,cropland,134,0.46557535895788604,0.1533144591448945,0.7380307125548522,0.17117680809197605,7,5.223880597014925,53.84615384615385
model,bare,9,0.5876316554323312,0.493546833930951,0.698051771769921,0.06710596137813163,2,22.22222222222222,100.0
model,fallow,63,0.5279571541437977,0.1428044694739583,0.7435277756885625,0.1579519839621209,11,17.46031746031746,100.0
