land_cover,A_observed_loss_rank,A_mean,B_analytical_RG_rank,B_mean,C_model_RG_rank,C_mean,rank_shift_A_to_B
shrubland,1,0.05268199793944058,3,0.4945738544138021,3,0.5016334611490023,2
cropland,2,0.04540271005937988,4,0.47479665259877385,4,0.48768248069172787,2
grassland,3,0.04357936710142626,1,0.6066202486149306,1,0.6164645812142993,-2
fallow,4,0.03892566186927811,2,0.5762389622564937,2,0.5864141192357508,-2
forest,5,0.037749227227900826,7,0.2478297999344658,7,0.2563823081147373,2
built-up,6,0.022224747963363312,6,0.40282909988480453,6,0.4005077300020434,0
bare,7,0.020358151736848684,5,0.4217674274421349,5,0.43813561440532967,-2
orchards,8,-0.054446223071276605,8,0.16805019661420692,8,0.17322907821616504,0
water,9,-0.07055678107149777,9,0.03771720117064895,9,0.037635279531840364,0
