land_cover,n,mean,median,p5,p25,p75,p95,iqr,sd,pct_at_0,pct_at_1,pct_negative
grassland,18697,0.6066202486149306,0.7475433349609375,0.0,0.12468399852514267,1.0,1.0,0.8753160014748573,0.4119877781602265,22.340482430336415,38.61582071990159,0.0
fallow,1260,0.5762389622564937,0.6663081049919128,0.0,0.08310668915510178,1.0,1.0,0.9168933108448982,0.4025878402645471,22.77777777777778,30.396825396825395,0.0
shrubland,9393,0.4945738544138021,0.5070537328720093,0.0,0.03707532584667206,0.8979566097259521,1.0,0.8608812838792801,0.3885494867543493,23.31523474928138,20.004258490365164,0.0
cropland,7583,0.47479665259877385,0.5083274245262146,0.0,0.06615716964006424,0.7781830430030823,1.0,0.712025873363018,0.35469754252367824,22.77462745615192,9.719108532243176,0.0
bare,801,0.4217674274421349,0.35980674624443054,0.0,0.0,0.779491662979126,1.0,0.779491662979126,0.3865737299278048,31.210986267166042,18.22721598002497,0.0
built-up,153,0.40282909988480453,0.29165127873420715,0.0,0.0,0.7619419693946838,1.0,0.7619419693946838,0.39638142177010666,35.294117647058826,17.647058823529413,0.0
forest,5532,0.2478297999344658,0.15500611811876297,0.0,0.0,0.41259071975946426,0.842431795597076,0.41259071975946426,0.279070788991907,32.610267534345624,2.5307302964569773,0.0
orchards,597,0.16805019661420692,0.0,0.0,0.0,0.21596769988536835,0.84718325138092,0.21596769988536835,0.2848316776644203,61.47403685092128,2.1775544388609713,0.0
water,244,0.03771720117064895,0.0,0.0,0.0,0.0,0.3161853104829784,0.0,0.14651147294814523,88.52459016393442,0.819672131147541,0.0
