land_cover,n,median_fire_date,prefire_NBR_mean,dNBR_year2_mean,pct_pixels_year2_below_prefire,n_fires_2018_2019,dNBR_year2_mean_fires_2018_2019,pct_year2_below_prefire_fires_2018_2019,rank_all_fires,rank_common_cohort,rank_shift
forest,33619,2023.75,0.2826071041162943,-0.0865007962727126,80.36526963919212,7474,-0.0005199753932418,46.01284452769601,1,2,1
shrubland,56199,2021.3333333333333,0.1185187875381527,-0.0375408483743953,67.37308493033683,21895,-0.0102523040372691,54.65174697419503,2,1,-1
built-up,676,2023.75,0.0819243175181165,-0.0329217406616576,71.7455621301775,165,0.0044266513849996,55.15151515151515,3,4,1
fallow,4417,2021.3333333333333,0.0674850456048335,-0.0213510100278194,52.6148969889065,1490,0.0184779051273836,39.12751677852349,4,7,3
grassland,93251,2020.5833333333333,0.0648553784401612,-0.0102089183092535,48.868108652990315,42900,0.0118294515433735,40.370629370629366,5,6,1
cropland,37360,2018.5833333333333,0.1060700193209911,-0.0015863290492425,49.775160599571734,21830,0.0072055000688285,42.81722400366469,6,5,-1
bare,5033,2021.3333333333333,0.0307705306396146,-0.0012856169996219,46.6123584343334,815,0.0014607289664656,50.42944785276073,7,3,-4
orchards,3819,2018.75,0.1727384051740032,0.0177216939650367,46.7923540193768,2256,0.0318020191356683,44.680851063829785,8,8,0
water,1465,2023.75,0.056809220894033,0.0216542103451967,36.51877133105802,19,0.1324482713254136,5.263157894736842,9,9,0
