scope,land_cover,n,mean_valid_months_2017,mean_valid_months_2025,pct_cells_12of12_2017,pct_cells_12of12_2025,pct_cells_ge9_2025,pct_cells_ge6_2025
full-ROI 30 m cells,forest,59429,11.741441481321527,12.0,73.90163051708761,100.0,100.0,100.0
full-ROI 30 m cells,orchards,117870,11.889023635129927,12.0,88.75286332400101,100.0,100.0,100.0
full-ROI 30 m cells,shrubland,78645,11.875117440520485,12.0,87.35965414203064,100.0,100.0,100.0
full-ROI 30 m cells,grassland,221358,11.96244631624074,12.0,96.21518083828006,100.0,100.0,100.0
full-ROI 30 m cells,cropland,907519,11.917592370364387,12.0,91.62540949555877,100.0,100.0,100.0
full-ROI 30 m cells,covered agriculture,35492,11.97329014685489,12.0,97.27825988955257,100.0,100.0,100.0
full-ROI 30 m cells,built-up,9092,11.936222931072674,12.0,93.57677078750551,100.0,100.0,100.0
full-ROI 30 m cells,bare,353122,11.997512663229925,12.0,99.7482456488126,100.0,100.0,100.0
full-ROI 30 m cells,fallow,37501,11.96836232519802,12.0,96.82141809551746,100.0,100.0,100.0
full-ROI 30 m cells,water,664,11.799698795180722,12.0,79.66867469879519,100.0,100.0,100.0
