land_cover,n,mean_valid_months_2017,mean_valid_months_2025,pct_pixels_any_month_missing_2025,observed_loss,imputed_loss,bias_imputed_minus_observed,pct_of_observed,rank_observed,rank_imputed,rank_change
shrubland,62858,11.93762130516402,11.353526997359127,61.308027617805216,0.06707518315296225,0.053429468533424965,-0.013645714619537291,79.65609040765676,1,1,0
grassland,124015,11.961601419183163,11.29251300245938,66.15490061686087,0.061001544840927596,0.04323066225141899,-0.01777088258950861,70.86814336284542,2,3,1
cropland,50573,11.923991062424614,11.325628299685603,64.74996539655548,0.05904578175798821,0.04542399053959955,-0.013621791218388643,76.93011962442891,3,2,-1
fallow,8063,11.979908222745877,11.29542353962545,62.90462606970111,0.057376763488843116,0.040128763273119324,-0.017248000215723792,69.93904994470861,4,4,0
forest,37383,11.888879972179868,11.625685472005992,35.83714522643982,0.04321430303689828,0.03937287754908074,-0.0038414254878175384,91.11075450056995,5,5,0
bare,5099,11.942733869386155,11.405177485781525,59.01157089625417,0.03127874887857289,0.01815311986466689,-0.013125629013906005,58.0365919849897,6,7,1
built-up,1125,11.946666666666667,11.532444444444444,45.77777777777778,0.027681000121750617,0.01873686368873826,-0.008944136433012357,67.6885358416497,7,6,-1
covered agriculture,296,12.0,11.85472972972973,14.527027027027026,-0.03210302176997813,-0.03385917742963176,-0.0017561556596536244,105.47037494550104,8,8,0
orchards,4069,11.971246006389777,11.498894077168838,50.11059228311624,-0.052331318095031734,-0.055349702223573265,-0.0030183841285415297,105.7678350907582,9,9,0
water,1525,12.0,11.977704918032787,2.2295081967213117,-0.0701227214500693,-0.07061101233495064,-0.0004882908848813382,100.69633761323571,10,10,0
