land_cover,n,analytical_RG_mean,predicted_RG_mean,difference,analytical_sd,predicted_sd,analytical_pct_at_bounds,predicted_pct_at_bounds,rank_analytical,rank_predicted
grassland,18697,0.6066202486149306,0.6164645812142993,0.009844332599368677,0.4119877781602265,0.3922744564014608,60.956303150238014,0.0,1,1
fallow,1260,0.5762389622564937,0.5864141192357508,0.010175156979257083,0.4025878402645471,0.3790585311767855,53.17460317460318,0.0,2,2
shrubland,9393,0.4945738544138021,0.5016334611490023,0.00705960673520023,0.3885494867543493,0.3752344738287676,43.31949323964655,0.0,3,3
cropland,7583,0.47479665259877385,0.48768248069172787,0.012885828092954021,0.35469754252367824,0.3379580290003554,32.493735988395095,0.0,4,4
bare,801,0.4217674274421349,0.43813561440532967,0.016368186963194753,0.3865737299278048,0.36293973333095236,49.43820224719101,0.0,5,5
built-up,153,0.40282909988480453,0.4005077300020434,-0.002321369882761104,0.39638142177010666,0.3683389872924952,52.94117647058824,0.0,6,6
forest,5532,0.2478297999344658,0.2563823081147373,0.008552508180271479,0.279070788991907,0.27447230811019624,35.140997830802604,0.0,7,7
orchards,597,0.16805019661420692,0.17322907821616504,0.0051788816019581185,0.2848316776644203,0.2773504321442732,63.65159128978225,0.0,8,8
water,244,0.03771720117064895,0.037635279531840364,-8.192163880858805e-05,0.14651147294814523,0.12748960303251555,89.34426229508196,0.0,9,9
