land_cover_name,n_units_30,area_ha_30,sev_30,per_30,rg_30,rec_30,ris_30,obs_30,population_30,n_units_10,area_ha_10,sev_10,per_10,rg_10,rec_10,ris_10,obs_10,population_10
bare,18,34.29,0.2801207118010058,0.5465682118418269,0.4666311012426097,0.04777815839459288,0.3352745458200088,0.01642357945546775,reference,27,47.22,0.44853735179355697,0.6185105514594565,0.45243184535515146,0.10502258613854963,0.4061255836866786,0.023658503965861572,reference
built-up,8,4.14,0.3741313194606586,0.5857623870617578,0.38127322144807424,0.03732142912756118,0.34462208927451293,0.017296619005043888,reference,7,4.43,0.4326941706338193,0.48693722994196825,0.24806412043561604,0.076561189962376,0.31106417774344486,-0.0010611334370630285,reference
covered agriculture,4,2.4299999999999997,0.4068192896950576,0.4449377402663231,0.2318515370643581,0.005555555638339775,0.2722910306660196,-0.025162545710190897,reference,3,2.04,0.34056341110372473,0.46604025095319135,0.28736570719227683,0.057230770083574134,0.2878000348331917,0.0009839332707347649,reference
cropland,262,481.05,0.30280971251126415,0.5518503841506459,0.41557841912486665,0.01923539231218047,0.3223684770247393,0.031246658149367335,reference,247,451.51,0.3406214480730849,0.5616122393701309,0.4281265178550645,0.059464495233694716,0.34745617513299376,0.03417676276210134,reference
fallow,45,75.78,0.5209081770270773,0.5314310617284801,0.610749917914482,0.16734291794264505,0.45760801865317113,0.04601948138585338,reference,46,86.23,0.5877034823044193,0.5419540117182329,0.624351792453742,0.2036374639099758,0.4894116875965925,0.046284770360963304,reference
forest,151,352.53,0.49370897425227883,0.5745540584447194,0.36389882886838637,0.08913633695382862,0.3803245496298033,0.06026910027409092,reference,143,350.09,0.5559559053319608,0.6156301291256876,0.37837191708892387,0.12133539413985231,0.4178233364216062,0.06603377543903964,reference
grassland,290,1230.93,0.5802211330211471,0.5553590501537785,0.6128135699090927,0.1505602896219916,0.4747385106765025,0.05390430772464193,reference,323,1207.45,0.6267909485811629,0.5695216748713015,0.6146256295179165,0.1682282561241061,0.49479162727362175,0.05369035427453892,reference
orchards,35,34.83,0.18572460358960757,0.33704442068986384,0.18233083112019602,0.01283803358647785,0.17948447224653633,-0.06335128815895044,reference,31,32.15,0.2013066114480988,0.32443030684667695,0.19032762710980713,0.0509391539657162,0.19175092484257475,-0.07176368142748996,reference
shrubland,250,599.4,0.5716816985473369,0.5916791169624162,0.5097668188788659,0.13434513283965024,0.45186819180706733,0.05552712585639171,reference,267,611.3100000000001,0.6304410742974528,0.6104381630494549,0.528843007092067,0.16233700624523306,0.4830148126710519,0.05590445815108951,reference
water,1,4.32,0.5883301825573047,0.4527405947446823,0.0760588291365517,0.050000000745058,0.2917824017958992,-0.0659711685390599,reference,1,13.69,0.5951477674953776,0.3583039713600328,0.0357444394403123,0.2216216249675799,0.3027044508158256,-0.0677314872514884,reference
