measure,m30,m10,change,pct_change
reference raw area (ha),2984.13,3044.59,60.460000000000036,2.0260511438844833
model raw area (ha),6794.28,8226.74,1432.46,21.083323030549227
overlap area (ha),,2203.01,,
footprint Jaccard,0.2055100025519544,0.24293474425251865,0.03742474170056426,18.210666748983673
unit-footprint Jaccard,0.237993220338983,0.2978416781142284,0.05984845777524539,25.147127170261783
% reference detected,55.861507374008504,72.35818287519831,16.496675501189806,29.531382658079604
% model outside inventory,75.46494992846924,73.22134891828355,-2.243601010185685,-2.9730371679996095
reference final units,1064.0,1095.0,31.0,2.9135338345864663
model final units,2209.0,1943.0,-266.0,-12.041647804436396
reference analysed area (ha),2819.7,2806.12,-13.579999999999927,-0.48161151895591475
model analysed area (ha),5397.48,6162.030000000001,764.5500000000011,14.164943640365527
mean RIS balanced (reference),0.4037386714792972,0.43572531855462354,0.031986647075326335,7.922611663165027
mean RIS balanced (model),0.4699179977077324,0.4592140181988466,-0.010703979508885797,-2.277839870168834
mean observed NBR change (reference),0.0440998560981439,0.04623192908216469,0.002132072984020787,4.8346483926747394
mean observed NBR change (model),0.0488783935536975,0.04013686069074147,-0.00874153286295603,-17.88424747092524
hidden within-LC units (reference),37.0,26.0,-11.0,-29.72972972972973
hidden within-LC units (model),31.0,25.0,-6.0,-19.35483870967742
