land_cover,cells,units,bal_px,bal_ar,rg_px,rg_ar,sev_px,sev_ar,per_px,per_ar
grassland,126217,323,0.5418782592993351,0.49479162727362175,0.659282251406724,0.6146256295179167,0.6774592216429852,0.6267909485811629,0.6011701594222293,0.5695216748713013
fallow,10475,46,0.5097369000531955,0.4894116875965925,0.6215219118859193,0.624351792453742,0.6230583037274611,0.5877034823044192,0.5638566406647317,0.5419540117182329
shrubland,66795,267,0.5066688115009987,0.4830148126710519,0.5470048731585259,0.528843007092067,0.6543644492202366,0.6304410742974529,0.6396752596160271,0.6104381630494549
bare,5804,27,0.44906140388558496,0.4061255836866785,0.48628173159606036,0.4524318453551515,0.4973831030345022,0.44853735179355697,0.671126609119355,0.6185105514594567
forest,38882,143,0.41246132547408776,0.41782333642160613,0.27169076103904727,0.3783719170889238,0.6078345695975611,0.5559559053319608,0.6113518087540106,0.6156301291256876
cropland,49747,247,0.37637680929214323,0.3474561751329938,0.4754346099255627,0.42812651785506456,0.34583394086260744,0.340621448073085,0.5829823276497826,0.561612239370131
built-up,852,7,0.3757818922893266,0.31106417774344486,0.3629428549100158,0.24806412043561604,0.5000040172582091,0.4326941706338193,0.5624811653148365,0.48693722994196825
water,1479,1,0.2981958205005071,0.30270445081582564,0.03437474559253377,0.0357444394403123,0.5924220559438482,0.5951477674953776,0.35543880994514165,0.3583039713600328
covered agriculture,284,3,0.27134846708409494,0.2878000348331918,0.18961600941060106,0.2873657071922769,0.390676174851507,0.34056341110372473,0.4311580210005943,0.4660402509531914
orchards,3924,31,0.1917294597972672,0.19175092484257478,0.16517204938639407,0.19032762710980713,0.2117086694296076,0.20130661144809883,0.32026138027254625,0.324430306846677
All classes,304459,684,0.48129496411335976,0.43572531855462354,0.5398428654297672,0.5014154195467742,0.596830471467307,0.5337420147947229,0.6029150246720175,0.5758427546863332
