population,land_cover,n,eco_mean,eco_med,fire_mean,fire_med,bal_mean,bal_med
Documented-burned cells,grassland,126217,0.6083271423889451,0.6877181753516197,0.60233687412671,0.6371966987848281,0.5418782592993351,0.5745950788259506
Documented-burned cells,fallow,10475,0.5711950192148652,0.6291476264595985,0.5627756873079183,0.5826191544532775,0.5097369000531955,0.5251554362475872
Documented-burned cells,shrubland,66795,0.5508734447474363,0.592368444800377,0.580877939125318,0.6044190162792802,0.5066688115009987,0.5243357270956039
Documented-burned cells,bare,5804,0.4909882254080439,0.5450187236070632,0.5203801627523044,0.5292010708013548,0.44906140388558496,0.4683915066998452
Documented-burned cells,forest,38882,0.3955794724404112,0.3818086573854089,0.4969502008814327,0.5217559405602514,0.41246132547408776,0.4243766129948199
Documented-burned cells,cropland,49747,0.4336061945383214,0.4398256279528141,0.430298251837511,0.4116590544581413,0.37637680929214323,0.3694535978138447
Documented-burned cells,built-up,852,0.4017384171370415,0.36881890762597325,0.4522283380499937,0.4829167079878971,0.3757818922893266,0.39504794776439667
Documented-burned cells,water,1479,0.22781431302611532,0.22939461194041721,0.3596810192317037,0.3770525876432657,0.2981958205005071,0.30879846680909395
Documented-burned cells,covered agriculture,284,0.26656921018308855,0.2219645630568266,0.33295953673772344,0.33071670970534794,0.27134846708409494,0.2626249855293281
Documented-burned cells,orchards,3924,0.19595760864367986,0.0915006919996813,0.22620150128308472,0.1399520846476662,0.1917294597972672,0.11756050146868802
Documented-burned cells,All classes,304459,0.5284296814311832,0.5592506706714631,0.5464386462231516,0.5650726392865181,0.48129496411335976,0.49360983446240425
Model-detected cells,grassland,336474,0.5879142719820604,0.6592473223805427,0.5816122665256085,0.6015333101153373,0.5279136633825334,0.550623208284378
Model-detected cells,shrubland,189852,0.5136642398839445,0.5354289397597313,0.5532981767406067,0.572644393146038,0.48963127214060653,0.5053768735378981
Model-detected cells,fallow,36666,0.5382835022363736,0.5942106209695339,0.5297063659072242,0.5334842145442963,0.4851188976751628,0.4922184655442834
Model-detected cells,bare,25364,0.48163710087979666,0.5074541598558426,0.5171601756091649,0.5186238163267263,0.4596815354150953,0.46487901732325554
Model-detected cells,built-up,5268,0.4297161513718798,0.3740131008322351,0.4798320044960691,0.48644543359987436,0.42489109803766534,0.4176434092223644
Model-detected cells,covered agriculture,376,0.4086244115369793,0.34411192458646844,0.4850927428467771,0.5138212070152803,0.41872970012429195,0.42366946388210636
Model-detected cells,forest,94423,0.3987344595828775,0.3913939818739891,0.48112782337929816,0.5008361667394637,0.41479738635650776,0.4252537004649639
Model-detected cells,cropland,120799,0.45524385487334423,0.466942384839058,0.44799958846550647,0.42689652293920516,0.4116607092007983,0.40415724739432335
Model-detected cells,water,4178,0.27565734646325923,0.2360514817784861,0.39205616812860433,0.3881273281003814,0.3323491930815063,0.31980774029534587
Model-detected cells,orchards,9274,0.21256579458489602,0.11590638395864516,0.25424426239935527,0.16955974940210583,0.2353191052544194,0.16144801606424153
Model-detected cells,All classes,822674,0.5171843545313944,0.5438204571604729,0.5342761435379229,0.5450391016900539,0.4800136127105754,0.4902936592698097
